{"v":"5.5.8","fr":29.9700012207031,"ip":0,"op":68.0000027696968,"w":1500,"h":1500,"nm":"griglia","ddd":0,"assets":[],"layers":[{"ddd":0,"ind":1,"ty":4,"nm":". contorni 15","sr":1,"ks":{"o":{"a":1,"k":[{"i":{"x":[0.833],"y":[0.833]},"o":{"x":[0.167],"y":[0.167]},"t":17,"s":[99]},{"t":50.0000020365418,"s":[0]}],"ix":11},"r":{"a":0,"k":0,"ix":10},"p":{"a":1,"k":[{"i":{"x":0.833,"y":0.833},"o":{"x":0.167,"y":0.167},"t":17,"s":[708,1644,0],"to":[0.667,-475.333,0],"ti":[-0.667,271.333,0]},{"t":127.000005172816,"s":[712,16,0]}],"ix":2},"a":{"a":0,"k":[-3002,-588,0],"ix":1},"s":{"a":0,"k":[10,10,100],"ix":6}},"ao":0,"shapes":[{"ty":"gr","it":[{"ind":0,"ty":"sh","ix":1,"ks":{"a":0,"k":{"i":[[10.656,-10.891],[0,-15.398],[-10.741,-10.72],[-14.922,0],[-10.66,10.723],[0,15.513],[10.737,10.838],[14.757,0]],"o":[[-10.66,10.894],[0,15.513],[10.737,10.723],[14.918,0],[10.656,-10.72],[0,-15.511],[-10.741,-10.835],[-15.087,0]],"v":[[19.443,-100.936],[3.457,-61.499],[19.566,-22.148],[58.057,-6.065],[96.425,-22.148],[112.411,-61.499],[96.302,-101.022],[58.057,-117.276]],"c":true},"ix":2},"nm":".","mn":"ADBE Vector Shape - Group","hd":false},{"ty":"fl","c":{"a":0,"k":[1,1,1,1],"ix":4},"o":{"a":0,"k":100,"ix":5},"r":1,"bm":0,"nm":"Riempimento 1","mn":"ADBE Vector Graphic - Fill","hd":false},{"ty":"tr","p":{"a":0,"k":[0,0],"ix":2},"a":{"a":0,"k":[0,0],"ix":1},"s":{"a":0,"k":[100,100],"ix":3},"r":{"a":0,"k":0,"ix":6},"o":{"a":0,"k":100,"ix":7},"sk":{"a":0,"k":0,"ix":4},"sa":{"a":0,"k":0,"ix":5},"nm":"Trasformazione"}],"nm":".","np":3,"cix":2,"bm":0,"ix":1,"mn":"ADBE Vector Group","hd":false}],"ip":17.0000006924242,"op":122.000004969162,"st":17.0000006924242,"bm":0},{"ddd":0,"ind":2,"ty":4,"nm":". contorni 14","sr":1,"ks":{"o":{"a":1,"k":[{"i":{"x":[0.833],"y":[0.833]},"o":{"x":[0.167],"y":[0.167]},"t":7,"s":[99]},{"t":40.0000016292334,"s":[0]}],"ix":11},"r":{"a":0,"k":0,"ix":10},"p":{"a":1,"k":[{"i":{"x":0.833,"y":0.833},"o":{"x":0.167,"y":0.167},"t":7,"s":[708,1644,0],"to":[0.667,-475.333,0],"ti":[-0.667,271.333,0]},{"t":117.000004765508,"s":[712,16,0]}],"ix":2},"a":{"a":0,"k":[-3673,-588,0],"ix":1},"s":{"a":0,"k":[20,20,100],"ix":6}},"ao":0,"shapes":[{"ty":"gr","it":[{"ind":0,"ty":"sh","ix":1,"ks":{"a":0,"k":{"i":[[10.656,-10.891],[0,-15.398],[-10.741,-10.72],[-14.922,0],[-10.66,10.723],[0,15.513],[10.737,10.838],[14.757,0]],"o":[[-10.66,10.894],[0,15.513],[10.737,10.723],[14.918,0],[10.656,-10.72],[0,-15.511],[-10.741,-10.835],[-15.087,0]],"v":[[19.443,-100.936],[3.457,-61.499],[19.566,-22.148],[58.057,-6.065],[96.425,-22.148],[112.411,-61.499],[96.302,-101.022],[58.057,-117.276]],"c":true},"ix":2},"nm":".","mn":"ADBE Vector Shape - Group","hd":false},{"ty":"fl","c":{"a":0,"k":[0,0.647059003045,0.843137015548,1],"ix":4},"o":{"a":0,"k":100,"ix":5},"r":1,"bm":0,"nm":"Riempimento 1","mn":"ADBE Vector Graphic - Fill","hd":false},{"ty":"tr","p":{"a":0,"k":[0,0],"ix":2},"a":{"a":0,"k":[0,0],"ix":1},"s":{"a":0,"k":[100,100],"ix":3},"r":{"a":0,"k":0,"ix":6},"o":{"a":0,"k":100,"ix":7},"sk":{"a":0,"k":0,"ix":4},"sa":{"a":0,"k":0,"ix":5},"nm":"Trasformazione"}],"nm":".","np":3,"cix":2,"bm":0,"ix":1,"mn":"ADBE Vector Group","hd":false}],"ip":7.00000028511585,"op":112.000004561854,"st":7.00000028511585,"bm":0},{"ddd":0,"ind":3,"ty":4,"nm":". contorni 13","sr":1,"ks":{"o":{"a":1,"k":[{"i":{"x":[0.833],"y":[0.833]},"o":{"x":[0.167],"y":[0.167]},"t":-3,"s":[99]},{"t":37.0000015070409,"s":[0]}],"ix":11},"r":{"a":0,"k":0,"ix":10},"p":{"a":1,"k":[{"i":{"x":0.833,"y":0.833},"o":{"x":0.167,"y":0.167},"t":-3,"s":[708,1644,0],"to":[0.667,-271.333,0],"ti":[-0.667,271.333,0]},{"t":107.000004358199,"s":[712,16,0]}],"ix":2},"a":{"a":0,"k":[-3383,-588,0],"ix":1},"s":{"a":0,"k":[20,20,100],"ix":6}},"ao":0,"shapes":[{"ty":"gr","it":[{"ind":0,"ty":"sh","ix":1,"ks":{"a":0,"k":{"i":[[10.656,-10.891],[0,-15.398],[-10.741,-10.72],[-14.922,0],[-10.66,10.723],[0,15.513],[10.737,10.838],[14.757,0]],"o":[[-10.66,10.894],[0,15.513],[10.737,10.723],[14.918,0],[10.656,-10.72],[0,-15.511],[-10.741,-10.835],[-15.087,0]],"v":[[19.443,-100.936],[3.457,-61.499],[19.566,-22.148],[58.057,-6.065],[96.425,-22.148],[112.411,-61.499],[96.302,-101.022],[58.057,-117.276]],"c":true},"ix":2},"nm":".","mn":"ADBE Vector Shape - Group","hd":false},{"ty":"fl","c":{"a":0,"k":[0,0.647059003045,0.843137015548,1],"ix":4},"o":{"a":0,"k":100,"ix":5},"r":1,"bm":0,"nm":"Riempimento 1","mn":"ADBE Vector Graphic - Fill","hd":false},{"ty":"tr","p":{"a":0,"k":[0,0],"ix":2},"a":{"a":0,"k":[0,0],"ix":1},"s":{"a":0,"k":[100,100],"ix":3},"r":{"a":0,"k":0,"ix":6},"o":{"a":0,"k":100,"ix":7},"sk":{"a":0,"k":0,"ix":4},"sa":{"a":0,"k":0,"ix":5},"nm":"Trasformazione"}],"nm":".","np":3,"cix":2,"bm":0,"ix":1,"mn":"ADBE Vector Group","hd":false}],"ip":-3.00000012219251,"op":102.000004154545,"st":-3.00000012219251,"bm":0},{"ddd":0,"ind":4,"ty":4,"nm":". contorni 12","sr":1,"ks":{"o":{"a":1,"k":[{"i":{"x":[0.833],"y":[0.833]},"o":{"x":[0.167],"y":[0.167]},"t":20,"s":[99]},{"t":53.0000021587343,"s":[0]}],"ix":11},"r":{"a":0,"k":0,"ix":10},"p":{"a":1,"k":[{"i":{"x":0.833,"y":0.833},"o":{"x":0.167,"y":0.167},"t":20,"s":[708,1644,0],"to":[0.667,-475.333,0],"ti":[-0.667,271.333,0]},{"t":130.000005295009,"s":[712,16,0]}],"ix":2},"a":{"a":0,"k":[3684,-737,0],"ix":1},"s":{"a":0,"k":[10,10,100],"ix":6}},"ao":0,"shapes":[{"ty":"gr","it":[{"ind":0,"ty":"sh","ix":1,"ks":{"a":0,"k":{"i":[[10.656,-10.891],[0,-15.398],[-10.741,-10.72],[-14.922,0],[-10.66,10.723],[0,15.513],[10.737,10.838],[14.757,0]],"o":[[-10.66,10.894],[0,15.513],[10.737,10.723],[14.918,0],[10.656,-10.72],[0,-15.511],[-10.741,-10.835],[-15.087,0]],"v":[[19.443,-100.936],[3.457,-61.499],[19.566,-22.148],[58.057,-6.065],[96.425,-22.148],[112.411,-61.499],[96.302,-101.022],[58.057,-117.276]],"c":true},"ix":2},"nm":".","mn":"ADBE Vector Shape - Group","hd":false},{"ty":"fl","c":{"a":0,"k":[1,1,1,1],"ix":4},"o":{"a":0,"k":100,"ix":5},"r":1,"bm":0,"nm":"Riempimento 1","mn":"ADBE Vector Graphic - Fill","hd":false},{"ty":"tr","p":{"a":0,"k":[0,0],"ix":2},"a":{"a":0,"k":[0,0],"ix":1},"s":{"a":0,"k":[100,100],"ix":3},"r":{"a":0,"k":0,"ix":6},"o":{"a":0,"k":100,"ix":7},"sk":{"a":0,"k":0,"ix":4},"sa":{"a":0,"k":0,"ix":5},"nm":"Trasformazione"}],"nm":".","np":3,"cix":2,"bm":0,"ix":1,"mn":"ADBE Vector Group","hd":false}],"ip":20.0000008146167,"op":125.000005091354,"st":20.0000008146167,"bm":0},{"ddd":0,"ind":5,"ty":4,"nm":". contorni 11","sr":1,"ks":{"o":{"a":1,"k":[{"i":{"x":[0.833],"y":[0.833]},"o":{"x":[0.167],"y":[0.167]},"t":10,"s":[99]},{"t":43.0000017514259,"s":[0]}],"ix":11},"r":{"a":0,"k":0,"ix":10},"p":{"a":1,"k":[{"i":{"x":0.833,"y":0.833},"o":{"x":0.167,"y":0.167},"t":10,"s":[708,1644,0],"to":[0.667,-475.333,0],"ti":[-0.667,271.333,0]},{"t":120.0000048877,"s":[712,16,0]}],"ix":2},"a":{"a":0,"k":[3013,-737,0],"ix":1},"s":{"a":0,"k":[20,20,100],"ix":6}},"ao":0,"shapes":[{"ty":"gr","it":[{"ind":0,"ty":"sh","ix":1,"ks":{"a":0,"k":{"i":[[10.656,-10.891],[0,-15.398],[-10.741,-10.72],[-14.922,0],[-10.66,10.723],[0,15.513],[10.737,10.838],[14.757,0]],"o":[[-10.66,10.894],[0,15.513],[10.737,10.723],[14.918,0],[10.656,-10.72],[0,-15.511],[-10.741,-10.835],[-15.087,0]],"v":[[19.443,-100.936],[3.457,-61.499],[19.566,-22.148],[58.057,-6.065],[96.425,-22.148],[112.411,-61.499],[96.302,-101.022],[58.057,-117.276]],"c":true},"ix":2},"nm":".","mn":"ADBE Vector Shape - Group","hd":false},{"ty":"fl","c":{"a":0,"k":[0,0.647059003045,0.843137015548,1],"ix":4},"o":{"a":0,"k":100,"ix":5},"r":1,"bm":0,"nm":"Riempimento 1","mn":"ADBE Vector Graphic - Fill","hd":false},{"ty":"tr","p":{"a":0,"k":[0,0],"ix":2},"a":{"a":0,"k":[0,0],"ix":1},"s":{"a":0,"k":[100,100],"ix":3},"r":{"a":0,"k":0,"ix":6},"o":{"a":0,"k":100,"ix":7},"sk":{"a":0,"k":0,"ix":4},"sa":{"a":0,"k":0,"ix":5},"nm":"Trasformazione"}],"nm":".","np":3,"cix":2,"bm":0,"ix":1,"mn":"ADBE Vector Group","hd":false}],"ip":10.0000004073083,"op":115.000004684046,"st":10.0000004073083,"bm":0},{"ddd":0,"ind":6,"ty":4,"nm":". contorni 10","sr":1,"ks":{"o":{"a":1,"k":[{"i":{"x":[0.833],"y":[0.833]},"o":{"x":[0.167],"y":[0.167]},"t":0,"s":[99]},{"t":40.0000016292334,"s":[0]}],"ix":11},"r":{"a":0,"k":0,"ix":10},"p":{"a":1,"k":[{"i":{"x":0.833,"y":0.833},"o":{"x":0.167,"y":0.167},"t":0,"s":[708,1644,0],"to":[0.667,-271.333,0],"ti":[-0.667,271.333,0]},{"t":110.000004480392,"s":[712,16,0]}],"ix":2},"a":{"a":0,"k":[3303,-737,0],"ix":1},"s":{"a":0,"k":[20,20,100],"ix":6}},"ao":0,"shapes":[{"ty":"gr","it":[{"ind":0,"ty":"sh","ix":1,"ks":{"a":0,"k":{"i":[[10.656,-10.891],[0,-15.398],[-10.741,-10.72],[-14.922,0],[-10.66,10.723],[0,15.513],[10.737,10.838],[14.757,0]],"o":[[-10.66,10.894],[0,15.513],[10.737,10.723],[14.918,0],[10.656,-10.72],[0,-15.511],[-10.741,-10.835],[-15.087,0]],"v":[[19.443,-100.936],[3.457,-61.499],[19.566,-22.148],[58.057,-6.065],[96.425,-22.148],[112.411,-61.499],[96.302,-101.022],[58.057,-117.276]],"c":true},"ix":2},"nm":".","mn":"ADBE Vector Shape - Group","hd":false},{"ty":"fl","c":{"a":0,"k":[0,0.647059003045,0.843137015548,1],"ix":4},"o":{"a":0,"k":100,"ix":5},"r":1,"bm":0,"nm":"Riempimento 1","mn":"ADBE Vector Graphic - Fill","hd":false},{"ty":"tr","p":{"a":0,"k":[0,0],"ix":2},"a":{"a":0,"k":[0,0],"ix":1},"s":{"a":0,"k":[100,100],"ix":3},"r":{"a":0,"k":0,"ix":6},"o":{"a":0,"k":100,"ix":7},"sk":{"a":0,"k":0,"ix":4},"sa":{"a":0,"k":0,"ix":5},"nm":"Trasformazione"}],"nm":".","np":3,"cix":2,"bm":0,"ix":1,"mn":"ADBE Vector Group","hd":false}],"ip":0,"op":105.000004276738,"st":0,"bm":0},{"ddd":0,"ind":7,"ty":4,"nm":". contorni 9","sr":1,"ks":{"o":{"a":1,"k":[{"i":{"x":[0.833],"y":[0.833]},"o":{"x":[0.167],"y":[0.167]},"t":1,"s":[99]},{"t":34.0000013848484,"s":[0]}],"ix":11},"r":{"a":0,"k":0,"ix":10},"p":{"a":1,"k":[{"i":{"x":0.833,"y":0.833},"o":{"x":0.167,"y":0.167},"t":1,"s":[708,1644,0],"to":[0.667,-475.333,0],"ti":[-0.667,271.333,0]},{"t":111.000004521123,"s":[712,16,0]}],"ix":2},"a":{"a":0,"k":[-1414,0,0],"ix":1},"s":{"a":0,"k":[10,10,100],"ix":6}},"ao":0,"shapes":[{"ty":"gr","it":[{"ind":0,"ty":"sh","ix":1,"ks":{"a":0,"k":{"i":[[10.656,-10.891],[0,-15.398],[-10.741,-10.72],[-14.922,0],[-10.66,10.723],[0,15.513],[10.737,10.838],[14.757,0]],"o":[[-10.66,10.894],[0,15.513],[10.737,10.723],[14.918,0],[10.656,-10.72],[0,-15.511],[-10.741,-10.835],[-15.087,0]],"v":[[19.443,-100.936],[3.457,-61.499],[19.566,-22.148],[58.057,-6.065],[96.425,-22.148],[112.411,-61.499],[96.302,-101.022],[58.057,-117.276]],"c":true},"ix":2},"nm":".","mn":"ADBE Vector Shape - Group","hd":false},{"ty":"fl","c":{"a":0,"k":[1,1,1,1],"ix":4},"o":{"a":0,"k":100,"ix":5},"r":1,"bm":0,"nm":"Riempimento 1","mn":"ADBE Vector Graphic - Fill","hd":false},{"ty":"tr","p":{"a":0,"k":[0,0],"ix":2},"a":{"a":0,"k":[0,0],"ix":1},"s":{"a":0,"k":[100,100],"ix":3},"r":{"a":0,"k":0,"ix":6},"o":{"a":0,"k":100,"ix":7},"sk":{"a":0,"k":0,"ix":4},"sa":{"a":0,"k":0,"ix":5},"nm":"Trasformazione"}],"nm":".","np":3,"cix":2,"bm":0,"ix":1,"mn":"ADBE Vector Group","hd":false}],"ip":1.00000004073083,"op":106.000004317469,"st":1.00000004073083,"bm":0},{"ddd":0,"ind":8,"ty":4,"nm":". contorni 8","sr":1,"ks":{"o":{"a":1,"k":[{"i":{"x":[0.833],"y":[0.833]},"o":{"x":[0.167],"y":[0.167]},"t":-9,"s":[99]},{"t":24.00000097754,"s":[0]}],"ix":11},"r":{"a":0,"k":0,"ix":10},"p":{"a":1,"k":[{"i":{"x":0.833,"y":0.833},"o":{"x":0.167,"y":0.167},"t":-9,"s":[708,1644,0],"to":[0.667,-475.333,0],"ti":[-0.667,271.333,0]},{"t":101.000004113814,"s":[712,16,0]}],"ix":2},"a":{"a":0,"k":[-2085,0,0],"ix":1},"s":{"a":0,"k":[20,20,100],"ix":6}},"ao":0,"shapes":[{"ty":"gr","it":[{"ind":0,"ty":"sh","ix":1,"ks":{"a":0,"k":{"i":[[10.656,-10.891],[0,-15.398],[-10.741,-10.72],[-14.922,0],[-10.66,10.723],[0,15.513],[10.737,10.838],[14.757,0]],"o":[[-10.66,10.894],[0,15.513],[10.737,10.723],[14.918,0],[10.656,-10.72],[0,-15.511],[-10.741,-10.835],[-15.087,0]],"v":[[19.443,-100.936],[3.457,-61.499],[19.566,-22.148],[58.057,-6.065],[96.425,-22.148],[112.411,-61.499],[96.302,-101.022],[58.057,-117.276]],"c":true},"ix":2},"nm":".","mn":"ADBE Vector Shape - Group","hd":false},{"ty":"fl","c":{"a":0,"k":[0.843137015548,0,0.753863764744,1],"ix":4},"o":{"a":0,"k":100,"ix":5},"r":1,"bm":0,"nm":"Riempimento 1","mn":"ADBE Vector Graphic - Fill","hd":false},{"ty":"tr","p":{"a":0,"k":[0,0],"ix":2},"a":{"a":0,"k":[0,0],"ix":1},"s":{"a":0,"k":[100,100],"ix":3},"r":{"a":0,"k":0,"ix":6},"o":{"a":0,"k":100,"ix":7},"sk":{"a":0,"k":0,"ix":4},"sa":{"a":0,"k":0,"ix":5},"nm":"Trasformazione"}],"nm":".","np":3,"cix":2,"bm":0,"ix":1,"mn":"ADBE Vector Group","hd":false}],"ip":-9.00000036657752,"op":96.0000039101602,"st":-9.00000036657752,"bm":0},{"ddd":0,"ind":9,"ty":4,"nm":". contorni 7","sr":1,"ks":{"o":{"a":1,"k":[{"i":{"x":[0.833],"y":[0.833]},"o":{"x":[0.167],"y":[0.167]},"t":-19,"s":[99]},{"t":21.0000008553475,"s":[0]}],"ix":11},"r":{"a":0,"k":0,"ix":10},"p":{"a":1,"k":[{"i":{"x":0.833,"y":0.833},"o":{"x":0.167,"y":0.167},"t":-19,"s":[708,1644,0],"to":[0.667,-271.333,0],"ti":[-0.667,271.333,0]},{"t":91.000003706506,"s":[712,16,0]}],"ix":2},"a":{"a":0,"k":[-1795,0,0],"ix":1},"s":{"a":0,"k":[20,20,100],"ix":6}},"ao":0,"shapes":[{"ty":"gr","it":[{"ind":0,"ty":"sh","ix":1,"ks":{"a":0,"k":{"i":[[10.656,-10.891],[0,-15.398],[-10.741,-10.72],[-14.922,0],[-10.66,10.723],[0,15.513],[10.737,10.838],[14.757,0]],"o":[[-10.66,10.894],[0,15.513],[10.737,10.723],[14.918,0],[10.656,-10.72],[0,-15.511],[-10.741,-10.835],[-15.087,0]],"v":[[19.443,-100.936],[3.457,-61.499],[19.566,-22.148],[58.057,-6.065],[96.425,-22.148],[112.411,-61.499],[96.302,-101.022],[58.057,-117.276]],"c":true},"ix":2},"nm":".","mn":"ADBE Vector Shape - Group","hd":false},{"ty":"fl","c":{"a":0,"k":[0,0.647059003045,0.843137015548,1],"ix":4},"o":{"a":0,"k":100,"ix":5},"r":1,"bm":0,"nm":"Riempimento 1","mn":"ADBE Vector Graphic - Fill","hd":false},{"ty":"tr","p":{"a":0,"k":[0,0],"ix":2},"a":{"a":0,"k":[0,0],"ix":1},"s":{"a":0,"k":[100,100],"ix":3},"r":{"a":0,"k":0,"ix":6},"o":{"a":0,"k":100,"ix":7},"sk":{"a":0,"k":0,"ix":4},"sa":{"a":0,"k":0,"ix":5},"nm":"Trasformazione"}],"nm":".","np":3,"cix":2,"bm":0,"ix":1,"mn":"ADBE Vector Group","hd":false}],"ip":-19.0000007738859,"op":86.0000035028518,"st":-19.0000007738859,"bm":0},{"ddd":0,"ind":10,"ty":4,"nm":". contorni 6","sr":1,"ks":{"o":{"a":1,"k":[{"i":{"x":[0.833],"y":[0.833]},"o":{"x":[0.167],"y":[0.167]},"t":35,"s":[99]},{"t":68.0000027696968,"s":[0]}],"ix":11},"r":{"a":0,"k":0,"ix":10},"p":{"a":1,"k":[{"i":{"x":0.833,"y":0.833},"o":{"x":0.167,"y":0.167},"t":35,"s":[708,1644,0],"to":[0.667,-475.333,0],"ti":[-0.667,271.333,0]},{"t":145.000005905971,"s":[712,16,0]}],"ix":2},"a":{"a":0,"k":[1926,0,0],"ix":1},"s":{"a":0,"k":[10,10,100],"ix":6}},"ao":0,"shapes":[{"ty":"gr","it":[{"ind":0,"ty":"sh","ix":1,"ks":{"a":0,"k":{"i":[[10.656,-10.891],[0,-15.398],[-10.741,-10.72],[-14.922,0],[-10.66,10.723],[0,15.513],[10.737,10.838],[14.757,0]],"o":[[-10.66,10.894],[0,15.513],[10.737,10.723],[14.918,0],[10.656,-10.72],[0,-15.511],[-10.741,-10.835],[-15.087,0]],"v":[[19.443,-100.936],[3.457,-61.499],[19.566,-22.148],[58.057,-6.065],[96.425,-22.148],[112.411,-61.499],[96.302,-101.022],[58.057,-117.276]],"c":true},"ix":2},"nm":".","mn":"ADBE Vector Shape - Group","hd":false},{"ty":"fl","c":{"a":0,"k":[0,1,0,1],"ix":4},"o":{"a":0,"k":100,"ix":5},"r":1,"bm":0,"nm":"Riempimento 1","mn":"ADBE Vector Graphic - Fill","hd":false},{"ty":"tr","p":{"a":0,"k":[0,0],"ix":2},"a":{"a":0,"k":[0,0],"ix":1},"s":{"a":0,"k":[100,100],"ix":3},"r":{"a":0,"k":0,"ix":6},"o":{"a":0,"k":100,"ix":7},"sk":{"a":0,"k":0,"ix":4},"sa":{"a":0,"k":0,"ix":5},"nm":"Trasformazione"}],"nm":".","np":3,"cix":2,"bm":0,"ix":1,"mn":"ADBE Vector Group","hd":false}],"ip":35.0000014255792,"op":140.000005702317,"st":35.0000014255792,"bm":0},{"ddd":0,"ind":11,"ty":4,"nm":". contorni 5","sr":1,"ks":{"o":{"a":1,"k":[{"i":{"x":[0.833],"y":[0.833]},"o":{"x":[0.167],"y":[0.167]},"t":25,"s":[99]},{"t":58.0000023623884,"s":[0]}],"ix":11},"r":{"a":0,"k":0,"ix":10},"p":{"a":1,"k":[{"i":{"x":0.833,"y":0.833},"o":{"x":0.167,"y":0.167},"t":25,"s":[708,1644,0],"to":[0.667,-475.333,0],"ti":[-0.667,271.333,0]},{"t":135.000005498663,"s":[712,16,0]}],"ix":2},"a":{"a":0,"k":[1255,0,0],"ix":1},"s":{"a":0,"k":[20,20,100],"ix":6}},"ao":0,"shapes":[{"ty":"gr","it":[{"ind":0,"ty":"sh","ix":1,"ks":{"a":0,"k":{"i":[[10.656,-10.891],[0,-15.398],[-10.741,-10.72],[-14.922,0],[-10.66,10.723],[0,15.513],[10.737,10.838],[14.757,0]],"o":[[-10.66,10.894],[0,15.513],[10.737,10.723],[14.918,0],[10.656,-10.72],[0,-15.511],[-10.741,-10.835],[-15.087,0]],"v":[[19.443,-100.936],[3.457,-61.499],[19.566,-22.148],[58.057,-6.065],[96.425,-22.148],[112.411,-61.499],[96.302,-101.022],[58.057,-117.276]],"c":true},"ix":2},"nm":".","mn":"ADBE Vector Shape - Group","hd":false},{"ty":"fl","c":{"a":0,"k":[0,0.647059003045,0.843137015548,1],"ix":4},"o":{"a":0,"k":100,"ix":5},"r":1,"bm":0,"nm":"Riempimento 1","mn":"ADBE Vector Graphic - Fill","hd":false},{"ty":"tr","p":{"a":0,"k":[0,0],"ix":2},"a":{"a":0,"k":[0,0],"ix":1},"s":{"a":0,"k":[100,100],"ix":3},"r":{"a":0,"k":0,"ix":6},"o":{"a":0,"k":100,"ix":7},"sk":{"a":0,"k":0,"ix":4},"sa":{"a":0,"k":0,"ix":5},"nm":"Trasformazione"}],"nm":".","np":3,"cix":2,"bm":0,"ix":1,"mn":"ADBE Vector Group","hd":false}],"ip":25.0000010182709,"op":130.000005295009,"st":25.0000010182709,"bm":0},{"ddd":0,"ind":12,"ty":4,"nm":". contorni 4","sr":1,"ks":{"o":{"a":1,"k":[{"i":{"x":[0.833],"y":[0.833]},"o":{"x":[0.167],"y":[0.167]},"t":15,"s":[99]},{"t":55.0000022401959,"s":[0]}],"ix":11},"r":{"a":0,"k":0,"ix":10},"p":{"a":1,"k":[{"i":{"x":0.833,"y":0.833},"o":{"x":0.167,"y":0.167},"t":15,"s":[708,1644,0],"to":[0.667,-271.333,0],"ti":[-0.667,271.333,0]},{"t":125.000005091354,"s":[712,16,0]}],"ix":2},"a":{"a":0,"k":[1545,0,0],"ix":1},"s":{"a":0,"k":[20,20,100],"ix":6}},"ao":0,"shapes":[{"ty":"gr","it":[{"ind":0,"ty":"sh","ix":1,"ks":{"a":0,"k":{"i":[[10.656,-10.891],[0,-15.398],[-10.741,-10.72],[-14.922,0],[-10.66,10.723],[0,15.513],[10.737,10.838],[14.757,0]],"o":[[-10.66,10.894],[0,15.513],[10.737,10.723],[14.918,0],[10.656,-10.72],[0,-15.511],[-10.741,-10.835],[-15.087,0]],"v":[[19.443,-100.936],[3.457,-61.499],[19.566,-22.148],[58.057,-6.065],[96.425,-22.148],[112.411,-61.499],[96.302,-101.022],[58.057,-117.276]],"c":true},"ix":2},"nm":".","mn":"ADBE Vector Shape - Group","hd":false},{"ty":"fl","c":{"a":0,"k":[0,0.647059003045,0.843137015548,1],"ix":4},"o":{"a":0,"k":100,"ix":5},"r":1,"bm":0,"nm":"Riempimento 1","mn":"ADBE Vector Graphic - Fill","hd":false},{"ty":"tr","p":{"a":0,"k":[0,0],"ix":2},"a":{"a":0,"k":[0,0],"ix":1},"s":{"a":0,"k":[100,100],"ix":3},"r":{"a":0,"k":0,"ix":6},"o":{"a":0,"k":100,"ix":7},"sk":{"a":0,"k":0,"ix":4},"sa":{"a":0,"k":0,"ix":5},"nm":"Trasformazione"}],"nm":".","np":3,"cix":2,"bm":0,"ix":1,"mn":"ADBE Vector Group","hd":false}],"ip":15.0000006109625,"op":120.0000048877,"st":15.0000006109625,"bm":0},{"ddd":0,"ind":13,"ty":4,"nm":". contorni 3","sr":1,"ks":{"o":{"a":1,"k":[{"i":{"x":[0.833],"y":[0.833]},"o":{"x":[0.167],"y":[0.167]},"t":20,"s":[99]},{"t":53.0000021587343,"s":[0]}],"ix":11},"r":{"a":0,"k":0,"ix":10},"p":{"a":1,"k":[{"i":{"x":0.833,"y":0.833},"o":{"x":0.167,"y":0.167},"t":20,"s":[708,1644,0],"to":[0.667,-475.333,0],"ti":[-0.667,271.333,0]},{"t":130.000005295009,"s":[712,16,0]}],"ix":2},"a":{"a":0,"k":[381,0,0],"ix":1},"s":{"a":0,"k":[10,10,100],"ix":6}},"ao":0,"shapes":[{"ty":"gr","it":[{"ind":0,"ty":"sh","ix":1,"ks":{"a":0,"k":{"i":[[10.656,-10.891],[0,-15.398],[-10.741,-10.72],[-14.922,0],[-10.66,10.723],[0,15.513],[10.737,10.838],[14.757,0]],"o":[[-10.66,10.894],[0,15.513],[10.737,10.723],[14.918,0],[10.656,-10.72],[0,-15.511],[-10.741,-10.835],[-15.087,0]],"v":[[19.443,-100.936],[3.457,-61.499],[19.566,-22.148],[58.057,-6.065],[96.425,-22.148],[112.411,-61.499],[96.302,-101.022],[58.057,-117.276]],"c":true},"ix":2},"nm":".","mn":"ADBE Vector Shape - Group","hd":false},{"ty":"fl","c":{"a":0,"k":[1,1,1,1],"ix":4},"o":{"a":0,"k":100,"ix":5},"r":1,"bm":0,"nm":"Riempimento 1","mn":"ADBE Vector Graphic - Fill","hd":false},{"ty":"tr","p":{"a":0,"k":[0,0],"ix":2},"a":{"a":0,"k":[0,0],"ix":1},"s":{"a":0,"k":[100,100],"ix":3},"r":{"a":0,"k":0,"ix":6},"o":{"a":0,"k":100,"ix":7},"sk":{"a":0,"k":0,"ix":4},"sa":{"a":0,"k":0,"ix":5},"nm":"Trasformazione"}],"nm":".","np":3,"cix":2,"bm":0,"ix":1,"mn":"ADBE Vector Group","hd":false}],"ip":20.0000008146167,"op":125.000005091354,"st":20.0000008146167,"bm":0},{"ddd":0,"ind":14,"ty":4,"nm":". contorni 2","sr":1,"ks":{"o":{"a":1,"k":[{"i":{"x":[0.833],"y":[0.833]},"o":{"x":[0.167],"y":[0.167]},"t":10,"s":[99]},{"t":43.0000017514259,"s":[0]}],"ix":11},"r":{"a":0,"k":0,"ix":10},"p":{"a":1,"k":[{"i":{"x":0.833,"y":0.833},"o":{"x":0.167,"y":0.167},"t":10,"s":[708,1644,0],"to":[0.667,-475.333,0],"ti":[-0.667,271.333,0]},{"t":120.0000048877,"s":[712,16,0]}],"ix":2},"a":{"a":0,"k":[-290,0,0],"ix":1},"s":{"a":0,"k":[20,20,100],"ix":6}},"ao":0,"shapes":[{"ty":"gr","it":[{"ind":0,"ty":"sh","ix":1,"ks":{"a":0,"k":{"i":[[10.656,-10.891],[0,-15.398],[-10.741,-10.72],[-14.922,0],[-10.66,10.723],[0,15.513],[10.737,10.838],[14.757,0]],"o":[[-10.66,10.894],[0,15.513],[10.737,10.723],[14.918,0],[10.656,-10.72],[0,-15.511],[-10.741,-10.835],[-15.087,0]],"v":[[19.443,-100.936],[3.457,-61.499],[19.566,-22.148],[58.057,-6.065],[96.425,-22.148],[112.411,-61.499],[96.302,-101.022],[58.057,-117.276]],"c":true},"ix":2},"nm":".","mn":"ADBE Vector Shape - Group","hd":false},{"ty":"fl","c":{"a":0,"k":[0,0.647059003045,0.843137015548,1],"ix":4},"o":{"a":0,"k":100,"ix":5},"r":1,"bm":0,"nm":"Riempimento 1","mn":"ADBE Vector Graphic - Fill","hd":false},{"ty":"tr","p":{"a":0,"k":[0,0],"ix":2},"a":{"a":0,"k":[0,0],"ix":1},"s":{"a":0,"k":[100,100],"ix":3},"r":{"a":0,"k":0,"ix":6},"o":{"a":0,"k":100,"ix":7},"sk":{"a":0,"k":0,"ix":4},"sa":{"a":0,"k":0,"ix":5},"nm":"Trasformazione"}],"nm":".","np":3,"cix":2,"bm":0,"ix":1,"mn":"ADBE Vector Group","hd":false}],"ip":10.0000004073083,"op":115.000004684046,"st":10.0000004073083,"bm":0},{"ddd":0,"ind":15,"ty":4,"nm":". contorni","sr":1,"ks":{"o":{"a":1,"k":[{"i":{"x":[0.833],"y":[0.833]},"o":{"x":[0.167],"y":[0.167]},"t":0,"s":[99]},{"t":40.0000016292334,"s":[0]}],"ix":11},"r":{"a":0,"k":0,"ix":10},"p":{"a":1,"k":[{"i":{"x":0.833,"y":0.833},"o":{"x":0.167,"y":0.167},"t":0,"s":[708,1644,0],"to":[0.667,-271.333,0],"ti":[-0.667,271.333,0]},{"t":110.000004480392,"s":[712,16,0]}],"ix":2},"a":{"a":0,"k":[0,0,0],"ix":1},"s":{"a":0,"k":[20,20,100],"ix":6}},"ao":0,"shapes":[{"ty":"gr","it":[{"ind":0,"ty":"sh","ix":1,"ks":{"a":0,"k":{"i":[[10.656,-10.891],[0,-15.398],[-10.741,-10.72],[-14.922,0],[-10.66,10.723],[0,15.513],[10.737,10.838],[14.757,0]],"o":[[-10.66,10.894],[0,15.513],[10.737,10.723],[14.918,0],[10.656,-10.72],[0,-15.511],[-10.741,-10.835],[-15.087,0]],"v":[[19.443,-100.936],[3.457,-61.499],[19.566,-22.148],[58.057,-6.065],[96.425,-22.148],[112.411,-61.499],[96.302,-101.022],[58.057,-117.276]],"c":true},"ix":2},"nm":".","mn":"ADBE Vector Shape - Group","hd":false},{"ty":"fl","c":{"a":0,"k":[0,0.647059003045,0.843137015548,1],"ix":4},"o":{"a":0,"k":100,"ix":5},"r":1,"bm":0,"nm":"Riempimento 1","mn":"ADBE Vector Graphic - Fill","hd":false},{"ty":"tr","p":{"a":0,"k":[0,0],"ix":2},"a":{"a":0,"k":[0,0],"ix":1},"s":{"a":0,"k":[100,100],"ix":3},"r":{"a":0,"k":0,"ix":6},"o":{"a":0,"k":100,"ix":7},"sk":{"a":0,"k":0,"ix":4},"sa":{"a":0,"k":0,"ix":5},"nm":"Trasformazione"}],"nm":".","np":3,"cix":2,"bm":0,"ix":1,"mn":"ADBE Vector Group","hd":false}],"ip":0,"op":105.000004276738,"st":0,"bm":0}],"markers":[]}